time,x1,x2,y_1,y_2,y_3,u
0,4,10,4,10,55.82186966203,-55.82186966203
0.01,3.52128965128647,10.0375906903604,3.52128965128647,10.0375906903604,53.7103274961354,-53.7103274961354
0.02,3.06117195653765,10.0704877662551,3.06117195653765,10.0704877662551,51.6688261423014,-51.6688261423014
0.03,2.61902617125336,10.0988740336445,2.61902617125336,10.0988740336445,49.6951237993192,-49.6951237993192
0.04,2.19425145712057,10.1229261911092,2.19425145712057,10.1229261911092,47.7870496493085,-47.7870496493085
0.05,1.78626625134131,10.1428150257412,1.78626625134131,10.1428150257412,45.9425016176791,-45.9425016176791
0.06,1.39450765586668,10.1587056028291,1.39450765586668,10.1587056028291,44.1594442037074,-44.1594442037074
0.07,1.01843084590913,10.1707574495326,1.01843084590913,10.1707574495326,42.4359063795016,-42.4359063795016
0.08,0.657508497125489,10.1791247327353,0.657508497125489,10.1791247327353,40.7699795552017,-40.7699795552017
0.09,0.311230230881926,10.1839564312607,0.311230230881926,10.1839564312607,39.1598156083268,-39.1598156083268
0.1,-0.0208979229690984,10.1853965026291,-0.0208979229690984,10.1853965026291,37.6036249752472,-37.6036249752472
0.11,-0.339354046352068,10.183584044527,-0.339354046352068,10.183584044527,36.0996748028242,-36.0996748028242
0.12,-0.644600836806501,10.1786534511568,-0.644600836806501,10.1786534511568,34.646287158322,-34.646287158322
0.13,-0.937086095417772,10.1707345646279,-0.937086095417772,10.1707345646279,33.2418372957543,-33.2418372957543
0.14,-1.21724319934218,10.1599528215458,-1.21724319934218,10.1599528215458,31.8847519768877,-31.8847519768877
0.15,-1.485491559412,10.1464293949515,-1.485491559412,10.1464293949515,30.5735078451789,-30.5735078451789
0.16,-1.74223706329095,10.1302813317568,-1.74223706329095,10.1302813317568,29.3066298509788,-29.3066298509788
0.17,-1.98787250463566,10.1116216858189,-1.98787250463566,10.1116216858189,28.0826897263859,-28.0826897263859
0.18,-2.22277799870438,10.0905596467912,-2.22277799870438,10.0905596467912,26.9003045081861,-26.9003045081861
0.19,-2.4473213848402,10.0672006648841,-2.4473213848402,10.0672006648841,25.7581351073625,-25.7581351073625
0.2,-2.66185861624282,10.0416465716649,-2.66185861624282,10.0416465716649,24.6548849237074,-24.6548849237074
0.21,-2.86673413742947,10.013995697022,-2.86673413742947,10.013995697022,23.5892985041163,-23.5892985041163
0.22,-3.06228124977331,9.98434298241384,-3.06228124977331,9.98434298241384,22.5601602431855,-22.5601602431855
0.23,-3.24882246549524,9.95278009052137,-3.24882246549524,9.95278009052137,21.5662931247816,-21.5662931247816
0.24,-3.42666985047318,9.91939551141607,-3.42666985047318,9.91939551141607,20.6065575032911,-20.6065575032911
0.25,-3.59612535622151,9.88427466535471,-3.59612535622151,9.88427466535471,19.6798499232988,-19.6798499232988
0.26,-3.75748114138215,9.84750000230689,-3.75748114138215,9.84750000230689,18.7851019764854,-18.7851019764854
0.27,-3.911019883058,9.8091510983188,-3.911019883058,9.8091510983188,17.9212791945703,-17.9212791945703
0.28,-4.05701507830922,9.76930474881304,-4.05701507830922,9.76930474881304,17.0873799771629,-17.0873799771629
0.29,-4.19573133612233,9.72803505892138,-4.19573133612233,9.72803505892138,16.2824345534245,-16.2824345534245
0.3,-4.32742466015284,9.68541353094425,-4.32742466015284,9.68541353094425,15.5055039764729,-15.5055039764729
0.31,-4.45234272253221,9.64150914902767,-4.45234272253221,9.64150914902767,14.7556791494985,-14.7556791494985
0.32,-4.5707251290211,9.59638846114562,-4.5707251290211,9.59638846114562,14.0320798825932,-14.0320798825932
0.33,-4.68280367578167,9.55011565847301,-4.68280367578167,9.55011565847301,13.3338539793231,-13.3338539793231
0.34,-4.78880259803349,9.50275265223176,-4.78880259803349,9.50275265223176,12.6601763521081,-12.6601763521081
0.35,-4.88893881084877,9.45435914808979,-4.88893881084877,9.45435914808979,12.0102481655001,-12.0102481655001
0.36,-4.98342214233515,9.40499271819029,-4.98342214233515,9.40499271819029,11.3832960064814,-11.3832960064814
0.37,-5.0724555594459,9.35470887088637,-5.0724555594459,9.35470887088637,10.7785710809301,-10.7785710809301
0.38,-5.15623538665027,9.30356111825329,-5.15623538665027,9.30356111825329,10.1953484354294,-10.1953484354294
0.39,-5.23495151768903,9.25160104144893,-5.23495151768903,9.25160104144893,9.63292620362097,-9.63292620362097
0.4,-5.30878762063357,9.19887835399023,-5.30878762063357,9.19887835399023,9.09062487632927,-9.09062487632927
0.41,-5.37792133645944,9.14544096301175,-5.37792133645944,9.14544096301175,8.56778659470725,-8.56778659470725
0.42,-5.44252447133935,9.09133502856999,-5.44252447133935,9.09133502856999,8.06377446567815,-8.06377446567815
0.43,-5.50276318285334,9.03660502105534,-5.50276318285334,9.03660502105534,7.57797189897042,-7.57797189897042
0.44,-5.55879816030836,8.98129377677167,-5.55879816030836,8.98129377677167,7.10978196506528,-7.10978196506528
0.45,-5.61078479935286,8.92544255174122,-5.61078479935286,8.92544255174122,6.65862677339763,-6.65862677339763
0.46,-5.65887337106654,8.86909107379125,-5.65887337106654,8.86909107379125,6.22394687017213,-6.22394687017213
0.47,-5.70320918569943,8.81227759297664,-5.70320918569943,8.81227759297664,5.80520065517589,-5.80520065517589
0.48,-5.74393275122927,8.75503893039114,-5.74393275122927,8.75503893039114,5.4018638169893,-5.4018638169893
0.49,-5.78117992690049,8.6974105254183,-5.78117992690049,8.6974105254183,5.01342878601478,-5.01342878601478
0.5,-5.81508207190339,8.63942648147141,-5.81508207190339,8.63942648147141,4.63940420476211,-4.63940420476211
0.51,-5.84576618934659,8.58111961027031,-5.84576618934659,8.58111961027031,4.27931441484605,-4.27931441484605
0.52,-5.87335506567147,8.52252147470141,-5.87335506567147,8.52252147470141,3.93269896016979,-3.93269896016979
0.53,-5.89796740565237,8.46366243030575,-5.89796740565237,8.46366243030575,3.59911210578378,-3.59911210578378
0.54,-5.91971796312182,8.40457166543853,-5.91971796312182,8.40457166543853,3.27812237192597,-3.27812237192597
0.55,-5.93871766755572,8.34527724014218,-5.93871766755572,8.34527724014218,2.96931208276473,-2.96931208276473
0.56,-5.95507374664919,8.28580612377381,-5.95507374664919,8.28580612377381,2.67227692938119,-2.67227692938119
0.57,-5.96888984500956,8.22618423142633,-5.96888984500956,8.22618423142633,2.38662554654203,-2.38662554654203
0.58,-5.98026613908902,8.16643645918161,-5.98026613908902,8.16643645918161,2.11197910282788,-2.11197910282788
0.59,-5.98929944847576,8.10658671823256,-5.98929944847576,8.10658671823256,1.84797090369657,-1.84797090369657
0.6,-5.9960833436583,8.04665796791007,-5.9960833436583,8.04665796791007,1.59424600707321,-1.59424600707321
0.61,-6.00070825037467,7.98667224764947,-6.00070825037467,7.98667224764947,1.3504608510724,-1.3504608510724
0.62,-6.00326155065382,7.92665070793009,-6.00326155065382,7.92665070793009,1.11628289346993,-1.11628289346993
0.63,-6.00382768065414,7.86661364022057,-6.00382768065414,7.86661364022057,0.89139026255377,-0.89139026255377
0.64,-6.0024882253998,7.8065805059613,-6.0024882253998,7.8065805059613,0.675471418995389,-0.675471418995389
0.65,-5.99932201051307,7.74656996461465,-5.99932201051307,7.74656996461465,0.468224828394144,-0.468224828394144
0.66,-5.99440519103747,7.68659990081253,-5.99440519103747,7.68659990081253,0.269358644158197,-0.269358644158197
0.67,-5.98781133744348,7.62668745062975,-5.98781133744348,7.62668745062975,0.0785904003960373,-0.0785904003960373
0.68,-5.97961151890578,7.56684902701121,-5.97961151890578,7.56684902701121,-0.104353285496881,0.104353285496881
0.69,-5.96987438393839,7.50710034437947,-5.96987438393839,7.50710034437947,-0.279737000862181,0.279737000862181
0.7,-5.95866623847078,7.44745644244892,-5.95866623847078,7.44745644244892,-0.447816816709213,0.447816816709213
0.71,-5.94605112144613,7.38793170927152,-5.94605112144613,7.38793170927152,-0.608840557839057,0.608840557839057
0.72,-5.93209087801967,7.32853990353882,-5.93209087801967,7.32853990353882,-0.763048064439532,0.763048064439532
0.73,-5.91684523043319,7.26929417616344,-5.91684523043319,7.26929417616344,-0.910671445420132,0.910671445420132
0.74,-5.90037184663884,7.21020709116333,-5.90037184663884,7.21020709116333,-1.05193532374731,1.05193532374731
0.75,-5.88272640674354,7.15129064587063,-5.88272640674354,7.15129064587063,-1.18705707403235,1.18705707403235
0.76,-5.86396266734266,7.0925562904867,-5.86396266734266,7.0925562904867,-1.3162470526161,1.3162470526161
0.77,-5.84413252380982,7.03401494700414,-5.84413252380982,7.03401494700414,-1.43970882038721,1.43970882038721
0.78,-5.8232860706072,6.97567702751582,-5.8232860706072,6.97567702751582,-1.55763935856289,1.55763935856289
0.79,-5.80147165967902,6.91755245193044,-5.80147165967902,6.91755245193044,-1.67022927765415,1.67022927765415
0.8,-5.77873595698874,6.85965066511355,-5.77873595698874,6.85965066511355,-1.77766301983049,1.77766301983049
0.81,-5.75512399725852,6.80198065347213,-5.75512399725852,6.80198065347213,-1.88011905489208,1.88011905489208
0.82,-5.73067923696798,6.74455096100061,-5.73067923696798,6.74455096100061,-1.97777007005105,1.97777007005105
0.83,-5.70544360566694,6.68736970480535,-5.70544360566694,6.68736970480535,-2.07078315371722,2.07078315371722
0.84,-5.67945755565579,6.6304445901242,-5.67945755565579,6.6304445901242,-2.15931997347704,2.15931997347704
0.85,-5.65276011008468,6.57378292485717,-5.65276011008468,6.57378292485717,-2.24353694844927,2.24353694844927
0.86,-5.62538890952196,6.51739163362388,-5.62538890952196,6.51739163362388,-2.32358541619442,2.32358541619442
0.87,-5.59738025703979,6.46127727136272,-5.59738025703979,6.46127727136272,-2.39961179434981,2.39961179434981
0.88,-5.56876916186417,6.40544603648635,-5.56876916186417,6.40544603648635,-2.47175773715663,2.47175773715663
0.89,-5.53958938163454,6.34990378360778,-5.53958938163454,6.34990378360778,-2.54016028704006,2.54016028704006
0.9,-5.50987346331707,6.29465603585052,-5.50987346331707,6.29465603585052,-2.60495202139844,2.60495202139844
0.91,-5.47965278281401,6.23970799675621,-5.47965278281401,6.23970799675621,-2.66626119475265,2.66626119475265
0.92,-5.44895758331058,6.18506456180252,-5.44895758331058,6.18506456180252,-2.72421187640202,2.72421187640202
0.93,-5.41781701239911,6.13073032954364,-5.41781701239911,6.13073032954364,-2.77892408372845,2.77892408372845
0.94,-5.3862591580192,6.07670961238558,-5.3862591580192,6.07670961238558,-2.83051391128609,2.83051391128609
0.95,-5.35431108325138,6.02300644700776,-5.35431108325138,6.02300644700776,-2.87909365580945,2.87909365580945
0.96,-5.32199886000041,5.96962460444233,-5.32199886000041,5.96962460444233,-2.92477193726869,2.92477193726869
0.97,-5.2893476016035,5.91656759982192,-5.2893476016035,5.91656759982192,-2.9676538160968,2.9676538160968
0.98,-5.2563814943973,5.8638387018067,-5.2563814943973,5.8638387018067,-3.00784090670941,3.00784090670941
0.99,-5.22312382827679,5.81144094170072,-5.22312382827679,5.81144094170072,-3.04543148743418,3.04543148743418
1,-5.18959702627777,5.75937712226763,-5.18959702627777,5.75937712226763,-3.08052060696307,3.08052060696307
1.01,-5.155822673214,5.70764982625533,-5.155822673214,5.70764982625533,-3.11320018743706,3.11320018743706
1.02,-5.12182154339886,5.6562614246388,-5.12182154339886,5.6562614246388,-3.1435591242698,3.1435591242698
1.03,-5.08761362748046,5.60521408459019,-5.08761362748046,5.60521408459019,-3.17168338281276,3.17168338281276
1.04,-5.05321815841833,5.55450977718495,-5.05321815841833,5.55450977718495,-3.1976560919618,3.1976560919618
1.05,-5.01865363662888,5.50415028485224,-5.01865363662888,5.50415028485224,-3.22155763480151,3.22155763480151
1.06,-4.9839378543258,5.45413720857802,-4.9839378543258,5.45413720857802,-3.24346573638085,3.24346573638085
1.07,-4.94908791908113,5.40447197486866,-4.94908791908113,5.40447197486866,-3.26345554871053,3.26345554871053
1.08,-4.91412027663146,5.35515584248267,-4.91412027663146,5.35515584248267,-3.28159973306992,3.28159973306992
1.09,-4.8790507329533,5.30618990893809,-4.8790507329533,5.30618990893809,-3.29796853970822,3.29796853970822
1.1,-4.84389447563072,5.25757511680268,-4.84389447563072,5.25757511680268,-3.31262988502225,3.31262988502225
1.11,-4.80866609453769,5.20931225977387,-4.80866609453769,5.20931225977387,-3.32564942629046,3.32564942629046
1.12,-4.77337960185684,5.1614019885552,-4.77337960185684,5.1614019885552,-3.33709063404027,3.33709063404027
1.13,-4.73804845145562,5.11384481653586,-4.73804845145562,5.11384481653586,-3.34701486212331,3.34701486212331
1.14,-4.70268555764034,5.06664112527954,-4.70268555764034,5.06664112527954,-3.35548141557117,3.35548141557117
1.15,-4.66730331330766,5.0197911698288,-4.66730331330766,5.0197911698288,-3.36254761630145,3.36254761630145
1.16,-4.63191360751271,4.97329508383084,-4.63191360751271,4.97329508383084,-3.36826886674205,3.36826886674205
1.17,-4.59652784247242,4.92715288449044,-4.59652784247242,4.92715288449044,-3.3726987114395,3.3726987114395
1.18,-4.56115695002173,4.8813644773556,-4.56115695002173,4.8813644773556,-3.3758888967148,3.3758888967148
1.19,-4.52581140754028,4.83592966094133,-4.52581140754028,4.83592966094133,-3.37788942842847,3.37788942842847
1.2,-4.49050125336628,4.79084813119665,-4.49050125336628,4.79084813119665,-3.3787486279146,3.3787486279146
1.21,-4.4552361017137,4.74611948582008,-4.4552361017137,4.74611948582008,-3.37851318614148,3.37851318614148
1.22,-4.42002515710885,4.70174322842826,-4.42002515710885,4.70174322842826,-3.37722821615507,3.37722821615507
1.23,-4.3848772283612,4.65771877258259,-4.3848772283612,4.65771877258259,-3.37493730385922,3.37493730385922
1.24,-4.34980074208361,4.61404544567846,-4.34980074208361,4.61404544567846,-3.37168255718545,3.37168255718545
1.25,-4.31480375577595,4.57072249270142,-4.31480375577595,4.57072249270142,-3.36750465370288,3.36750465370288
1.26,-4.27989397048623,4.52774907985464,-4.27989397048623,4.52774907985464,-3.36244288671778,3.36244288671778
1.27,-4.24507874306244,4.48512429806188,-4.24507874306244,4.48512429806188,-3.35653520991026,3.35653520991026
1.28,-4.2103650980083,4.44284716634985,-4.2103650980083,4.44284716634985,-3.3498182805544,3.3498182805544
1.29,-4.17575973895528,4.40091663511397,-4.17575973895528,4.40091663511397,-3.34232750136653,3.34232750136653
1.3,-4.1412690597633,4.35933158927132,-4.1412690597633,4.35933158927132,-3.33409706102496,3.33409706102496
1.31,-4.10689915526176,4.31809085130433,-4.10689915526176,4.31809085130433,-3.3251599734031,3.3251599734031
1.32,-4.07265583164238,4.27719318419886,-4.07265583164238,4.27719318419886,-3.31554811555678,3.31554811555678
1.33,-4.03854461651494,4.23663729427998,-4.03854461651494,4.23663729427998,-3.30529226450478,3.30529226450478
1.34,-4.00457076863658,4.19642183394891,-4.00457076863658,4.19642183394891,-3.29442213284109,3.29442213284109
1.35,-3.97073928732512,4.15654540432421,-3.97073928732512,4.15654540432421,-3.28296640321549,3.28296640321549
1.36,-3.93705492156634,4.1170065577904,-3.93705492156634,4.1170065577904,-3.27095276171836,3.27095276171836
1.37,-3.90352217882512,4.07780380045694,-3.90352217882512,4.07780380045694,-3.2584079302043,3.2584079302043
1.38,-3.87014533356964,4.03893559453064,-3.87014533356964,4.03893559453064,-3.24535769758813,3.24535769758813
1.39,-3.83692843551801,4.00040036060412,-3.83692843551801,4.00040036060412,-3.2318269501456,3.2318269501456
1.4,-3.80387531761599,3.96219647986322,-3.80387531761599,3.96219647986322,-3.21783970085047,3.21783970085047
1.41,-3.77098960375446,3.92432229621593,-3.77098960375446,3.92432229621593,-3.20341911777825,3.20341911777825
1.42,-3.73827471623485,3.8867761183454,-3.73827471623485,3.8867761183454,-3.18858755160615,3.18858755160615
1.43,-3.70573388299066,3.8495562216895,-3.70573388299066,3.8495562216895,-3.17336656223783,3.17336656223783
1.44,-3.67337014457276,3.81266085034943,-3.67337014457276,3.81266085034943,-3.15777694458057,3.15777694458057
1.45,-3.64118636090601,3.77608821892954,-3.64118636090601,3.77608821892954,-3.14183875350165,3.14183875350165
1.46,-3.60918521782452,3.73983651431072,-3.60918521782452,3.73983651431072,-3.12557132798999,3.12557132798999
1.47,-3.57736923339262,3.70390389735959,-3.57736923339262,3.70390389735959,-3.108993314548,3.108993314548
1.48,-3.54574076401834,3.66828850457537,-3.54574076401834,3.66828850457537,-3.09212268983811,3.09212268983811
1.49,-3.51430201036595,3.63298844967681,-3.51430201036595,3.63298844967681,-3.07497678260753,3.07497678260753
1.5,-3.48305502307422,3.5980018251308,-3.48305502307422,3.5980018251308,-3.05757229491399,3.05757229491399
1.51,-3.45200170828628,3.56332670362486,-3.45200170828628,3.56332670362486,-3.0399253226747,3.0399253226747
1.52,-3.42114383299732,3.52896113948519,-3.42114383299732,3.52896113948519,-3.02205137555977,3.02205137555977
1.53,-3.39048303022592,3.49490317004219,-3.39048303022592,3.49490317004219,-3.00396539625096,3.00396539625096
1.54,-3.36002080401453,3.46115081694502,-3.36002080401453,3.46115081694502,-2.98568177908575,2.98568177908575
1.55,-3.32975853426469,3.42770208742709,-3.32975853426469,3.42770208742709,-2.96721438810624,2.96721438810624
1.56,-3.29969748141219,3.39455497552396,-3.29969748141219,3.39455497552396,-2.9485765745317,2.9485765745317
1.57,-3.26983879094742,3.36170746324527,-3.26983879094742,3.36170746324527,-2.92978119367291,2.92978119367291
1.58,-3.24018349778558,3.32915752170219,-3.24018349778558,3.32915752170219,-2.91084062130608,2.91084062130608
1.59,-3.21073253049196,3.29690311219197,-3.21073253049196,3.29690311219197,-2.89176676952344,2.89176676952344
1.6,-3.18148671536654,3.26494218724087,-3.18148671536654,3.26494218724087,-2.87257110207693,2.87257110207693
1.61,-3.15244678039271,3.23327269160697,-3.15244678039271,3.23327269160697,-2.85326464923126,2.85326464923126
1.62,-3.12361335905423,3.20189256324414,-3.12361335905423,3.20189256324414,-2.83385802214159,2.83385802214159
1.63,-3.0949869940249,3.17079973422849,-3.0949869940249,3.17079973422849,-2.81436142677118,2.81436142677118
1.64,-3.06656814073476,3.13999213164853,-3.06656814073476,3.13999213164853,-2.79478467736333,2.79478467736333
1.65,-3.03835717081699,3.10946767846028,-3.03835717081699,3.10946767846028,-2.77513720948188,2.77513720948188
1.66,-3.01035437543925,3.07922429430848,-3.01035437543925,3.07922429430848,-2.75542809263385,2.75542809263385
1.67,-2.98255996852314,3.04925989631506,-2.98255996852314,3.04925989631506,-2.73566604248748,2.73566604248748
1.68,-2.95497408985545,3.01957239983595,-2.95497408985545,3.01957239983595,-2.71585943269852,2.71585943269852
1.69,-2.92759680809461,2.99015971918735,-2.92759680809461,2.99015971918735,-2.69601630635714,2.69601630635714
1.7,-2.90042812367579,2.96101976834232,-2.90042812367579,2.96101976834232,-2.67614438706743,2.67614438706743
1.71,-2.87346797161777,2.93215046159899,-2.87346797161777,2.93215046159899,-2.65625108967133,2.65625108967133
1.72,-2.84671622423495,2.90354971422104,-2.84671622423495,2.90354971422104,-2.63634353062799,2.63634353062799
1.73,-2.82017269375729,2.87521544305155,-2.82017269375729,2.87521544305155,-2.61642853805967,2.61642853805967
1.74,-2.79383713486144,2.84714556710116,-2.79383713486144,2.84714556710116,-2.59651266147473,2.59651266147473
1.75,-2.76770924711564,2.81933800811129,-2.76770924711564,2.81933800811129,-2.57660218117786,2.57660218117786
1.76,-2.74178867734137,2.79179069109334,-2.74178867734137,2.79179069109334,-2.55670311737755,2.55670311737755
1.77,-2.71607502189437,2.76450154484468,-2.71607502189437,2.76450154484468,-2.53682123900036,2.53682123900036
1.78,-2.6905678288676,2.73746850244226,-2.6905678288676,2.73746850244226,-2.51696207222135,2.51696207222135
1.79,-2.66526660021869,2.71068950171451,-2.66526660021869,2.71068950171451,-2.49713090871957,2.49713090871957
1.8,-2.64017079382434,2.68416248569236,-2.64017079382434,2.68416248569236,-2.47733281366745,2.47733281366745
1.81,-2.61527982546403,2.65788540304011,-2.61527982546403,2.65788540304011,-2.4575726334624,2.4575726334624
1.82,-2.59059307073524,2.63185620846672,-2.59059307073524,2.63185620846672,-2.437855003209,2.437855003209
1.83,-2.5661098669025,2.60607286311836,-2.5661098669025,2.60607286311836,-2.41818435395945,2.41818435395945
1.84,-2.54182951468243,2.58053333495276,-2.54182951468243,2.58053333495276,-2.39856491972019,2.39856491972019
1.85,-2.51775127996673,2.55523559909601,-2.51775127996673,2.55523559909601,-2.3790007442319,2.3790007442319
1.86,-2.49387439548518,2.53017763818247,-2.49387439548518,2.53017763818247,-2.35949568753033,2.35949568753033
1.87,-2.47019806241069,2.50535744267828,-2.47019806241069,2.50535744267828,-2.34005343229462,2.34005343229462
1.88,-2.44672145190813,2.48077301118918,-2.44672145190813,2.48077301118918,-2.32067748999015,2.32067748999015
1.89,-2.42344370662887,2.45642235075303,-2.42344370662887,2.45642235075303,-2.30137120681224,2.30137120681224
1.9,-2.40036394215279,2.43230347711774,-2.40036394215279,2.43230347711774,-2.28213776943711,2.28213776943711
1.91,-2.37748124837939,2.40841441500493,-2.37748124837939,2.40841441500493,-2.26298021058634,2.26298021058634
1.92,-2.35479469086976,2.38475319836005,-2.35479469086976,2.38475319836005,-2.24390141441045,2.24390141441045
1.93,-2.33230331214096,2.36131787058918,-2.33230331214096,2.36131787058918,-2.22490412169774,2.22490412169774
1.94,-2.31000613291433,2.33810648478326,-2.31000613291433,2.33810648478326,-2.20599093491366,2.20599093491366
1.95,-2.28790215331931,2.31511710392996,-2.28790215331931,2.31511710392996,-2.18716432307619,2.18716432307619
1.96,-2.2659903540542,2.29234780111374,-2.2659903540542,2.29234780111374,-2.16842662647251,2.16842662647251
1.97,-2.24426969750517,2.26979665970458,-2.24426969750517,2.26979665970458,-2.14978006122195,2.14978006122195
1.98,-2.22273912882508,2.24746177353561,-2.22273912882508,2.24746177353561,-2.13122672369008,2.13122672369008
1.99,-2.20139757697321,2.22534124707029,-2.20139757697321,2.22534124707029,-2.1127685947588,2.1127685947588
2,-2.18024395571737,2.20343319555925,-2.18024395571737,2.20343319555925,-2.09440754395686,2.09440754395686
2.01,-2.15927716459951,2.18173574518734,-2.15927716459951,2.18173574518734,-2.07614533345543,2.07614533345543
2.02,-2.138496089866,2.16024703321127,-2.138496089866,2.16024703321127,-2.05798362193282,2.05798362193282
2.03,-2.11789960536394,2.13896520808797,-2.11789960536394,2.13896520808797,-2.03992396831275,2.03992396831275
2.04,-2.09748657340434,2.11788842959432,-2.09748657340434,2.11788842959432,-2.02196783537999,2.02196783537999
2.05,-2.07725584559347,2.09701486893829,-2.07725584559347,2.09701486893829,-2.00411659327745,2.00411659327745
2.06,-2.05720626363335,2.07634270886194,-2.05720626363335,2.07634270886194,-1.98637152288832,1.98637152288832
2.07,-2.03733666009242,2.05587014373662,-2.03733666009242,2.05587014373662,-1.96873381910717,1.96873381910717
2.08,-2.01764585914732,2.03559537965058,-2.01764585914732,2.03559537965058,-1.95120459400332,1.95120459400332
2.09,-1.99813267729685,2.01551663448925,-1.99813267729685,2.01551663448925,-1.93378487988005,1.93378487988005
2.1,-1.97879592404888,1.9956321380086,-1.97879592404888,1.9956321380086,-1.91647563223296,1.91647563223296
2.11,-1.95963440258126,1.97594013190171,-1.95963440258126,1.97594013190171,-1.89927773261065,1.89927773261065
2.12,-1.94064691037749,1.95643886985886,-1.94064691037749,1.95643886985886,-1.88219199138094,1.88219199138094
2.13,-1.92183223983801,1.93712661762144,-1.92183223983801,1.93712661762144,-1.86521915040551,1.86521915040551
2.14,-1.90318917886795,1.91800165302977,-1.90318917886795,1.91800165302977,-1.84835988562608,1.84835988562608
2.15,-1.88471651144209,1.89906226606523,-1.88471651144209,1.89906226606523,-1.83161480956469,1.83161480956469
2.16,-1.86641301814786,1.88030675888684,-1.86641301814786,1.88030675888684,-1.81498447374118,1.81498447374118
2.17,-1.84827747670695,1.8617334458625,-1.84827747670695,1.8617334458625,-1.79846937101015,1.79846937101015
2.18,-1.83030866247648,1.84334065359512,-1.83030866247648,1.84334065359512,-1.78206993782026,1.78206993782026
2.19,-1.81250534893021,1.82512672094386,-1.81250534893021,1.82512672094386,-1.76578655639827,1.76578655639827
2.2,-1.79486630812059,1.80708999904062,-1.79486630812059,1.80708999904062,-1.74961955686009,1.74961955686009
2.21,-1.77739031112216,1.78922885130202,-1.77739031112216,1.78922885130202,-1.7335692192515,1.7335692192515
2.22,-1.76007612845716,1.77154165343705,-1.76007612845716,1.77154165343705,-1.7176357755204,1.7176357755204
2.23,-1.74292253050364,1.75402679345053,-1.74292253050364,1.75402679345053,-1.70181941142315,1.70181941142315
2.24,-1.72592828788694,1.73668267164259,-1.72592828788694,1.73668267164259,-1.68612026836688,1.68612026836688
2.25,-1.70909217185493,1.71950770060429,-1.70909217185493,1.71950770060429,-1.6705384451899,1.6705384451899
2.26,-1.69241295463762,1.70250030520959,-1.69241295463762,1.70250030520959,-1.65507399988222,1.65507399988222
2.27,-1.6758894097917,1.68565892260381,-1.6758894097917,1.68565892260381,-1.63972695124808,1.63972695124808
2.28,-1.65952031253044,1.66898200218869,-1.65952031253044,1.66898200218869,-1.62449728051239,1.62449728051239
2.29,-1.6433044400395,1.65246800560422,-1.6433044400395,1.65246800560422,-1.60938493287276,1.60938493287276
2.3,-1.62724057177921,1.63611540670742,-1.62724057177921,1.63611540670742,-1.5943898189991,1.5943898189991
2.31,-1.61132748977358,1.61992269154811,-1.61132748977358,1.61992269154811,-1.57951181648225,1.57951181648225
2.32,-1.59556397888667,1.6038883583419,-1.59556397888667,1.6038883583419,-1.56475077123339,1.56475077123339
2.33,-1.57994882708675,1.58801091744046,-1.57994882708675,1.58801091744046,-1.55010649883581,1.55010649883581
2.34,-1.56448082569852,1.57228889129919,-1.56448082569852,1.57228889129919,-1.53557878585061,1.53557878585061
2.35,-1.54915876964395,1.55672081444246,-1.54915876964395,1.55672081444246,-1.52116739107771,1.52116739107771
2.36,-1.53398145767211,1.54130523342648,-1.53398145767211,1.54130523342648,-1.50687204677373,1.50687204677373
2.37,-1.51894769257828,1.5260407067999,-1.51894769257828,1.5260407067999,-1.49269245982802,1.49269245982802
2.38,-1.50405628141285,1.51092580506232,-1.50405628141285,1.51092580506232,-1.47862831289836,1.47862831289836
2.39,-1.4893060356802,1.49595911062072,-1.4893060356802,1.49595911062072,-1.46467926550741,1.46467926550741
2.4,-1.47469577152809,1.48113921774398,-1.47469577152809,1.48113921774398,-1.45084495510136,1.45084495510136
2.41,-1.46022430992775,1.46646473251554,-1.46022430992775,1.46646473251554,-1.43712499807199,1.43712499807199
2.42,-1.44589047684505,1.45193427278427,-1.44589047684505,1.45193427278427,-1.42351899074315,1.42351899074315
2.43,-1.43169310340309,1.43754646811376,-1.43169310340309,1.43754646811376,-1.41002651032306,1.41002651032306
2.44,-1.41763102603648,1.4232999597299,-1.41763102603648,1.4232999597299,-1.39664711582339,1.39664711582339
2.45,-1.40370308663753,1.40919340046709,-1.40370308663753,1.40919340046709,-1.38338034894616,1.38338034894616
2.46,-1.38990813269485,1.39522545471293,-1.38990813269485,1.39522545471293,-1.37022573493971,1.37022573493971
2.47,-1.37624501742438,1.3813947983516,-1.37624501742438,1.3813947983516,-1.35718278342448,1.35718278342448
2.48,-1.36271259989327,1.36770011870598,-1.36271259989327,1.36770011870598,-1.34425098918975,1.34425098918975
2.49,-1.34930974513684,1.3541401144785,-1.34930974513684,1.3541401144785,-1.33142983296234,1.33142983296234
2.5,-1.33603532426886,1.34071349569097,-1.33603532426886,1.34071349569097,-1.31871878214791,1.31871878214791
2.51,-1.32288821458534,1.32741898362321,-1.32288821458534,1.32741898362321,-1.30611729154613,1.30611729154613
2.52,-1.30986729966219,1.31425531075077,-1.30986729966219,1.31425531075077,-1.29362480404022,1.29362480404022
2.53,-1.29697146944681,1.30122122068165,-1.29697146944681,1.30122122068165,-1.28124075126195,1.28124075126195
2.54,-1.28419962034397,1.28831546809218,-1.28419962034397,1.28831546809218,-1.26896455423277,1.26896455423277
2.55,-1.2715506552961,1.27553681866199,-1.2715506552961,1.27553681866199,-1.25679562398191,1.25679562398191
2.56,-1.25902348385827,1.2628840490083,-1.25902348385827,1.2628840490083,-1.2447333621421,1.2447333621421
2.57,-1.24661702226796,1.25035594661942,-1.24661702226796,1.25035594661942,-1.23277716152388,1.23277716152388
2.58,-1.23433019350989,1.23795130978759,-1.23433019350989,1.23795130978759,-1.22092640666888,1.22092640666888
2.59,-1.22216192737605,1.22566894754123,-1.22216192737605,1.22566894754123,-1.20918047438304,1.20918047438304
2.6,-1.21011116052119,1.21350767957657,-1.21011116052119,1.21350767957657,-1.19753873425026,1.19753873425026
2.61,-1.19817683651375,1.20146633618876,-1.19817683651375,1.20146633618876,-1.1860005491272,1.1860005491272
2.62,-1.18635790588268,1.18954375820249,-1.18635790588268,1.18954375820249,-1.17456527561984,1.17456527561984
2.63,-1.17465332616002,1.17773879690219,-1.17465332616002,1.17773879690219,-1.16323226454237,1.16323226454237
2.64,-1.1630620619196,1.1660503139618,-1.1630620619196,1.1660503139618,-1.15200086135901,1.15200086135901
2.65,-1.15158308481194,1.15447718137415,-1.15158308481194,1.15447718137415,-1.14087040660937,1.14087040660937
2.66,-1.14021537359547,1.14301828138005,-1.14021537359547,1.14301828138005,-1.12984023631781,1.12984023631781
2.67,-1.12895791416424,1.13167250639708,-1.12895791416424,1.13167250639708,-1.11890968238739,1.11890968238739
2.68,-1.11780969957228,1.1204387589481,-1.11780969957228,1.1204387589481,-1.10807807297889,1.10807807297889
2.69,-1.10676973005468,1.10931595158952,-1.10676973005468,1.10931595158952,-1.09734473287544,1.09734473287544
2.7,-1.09583701304557,1.09830300683945,-1.09583701304557,1.09830300683945,-1.08670898383316,1.08670898383316
2.71,-1.0850105631931,1.08739885710556,-1.0850105631931,1.08739885710556,-1.07617014491838,1.07617014491838
2.72,-1.07428940237154,1.07660244461295,-1.07428940237154,1.07660244461295,-1.06572753283175,1.06572753283175
2.73,-1.06367255969062,1.0659127213318,-1.06367255969062,1.0659127213318,-1.05538046221985,1.05538046221985
2.74,-1.05315907150221,1.05532864890497,-1.05315907150221,1.05532864890497,-1.04512824597453,1.04512824597453
2.75,-1.04274798140445,1.04484919857559,-1.04274798140445,1.04484919857559,-1.03497019552056,1.03497019552056
2.76,-1.03243834024347,1.03447335111456,-1.03243834024347,1.03447335111456,-1.02490562109186,1.02490562109186
2.77,-1.02222920611273,1.02420009674809,-1.02222920611273,1.02420009674809,-1.01493383199673,1.01493383199673
2.78,-1.01211964435012,1.01402843508522,-1.01211964435012,1.01402843508522,-1.00505413687253,1.00505413687253
2.79,-1.00210872753295,1.00395737504541,-1.00210872753295,1.00395737504541,-0.995265843929967,0.995265843929967
2.8,-0.992195535470799,0.993985934786179,-0.992195535470799,0.993985934786179,-0.98556826118761,0.98556826118761
2.81,-0.982379155196476,0.984113141630834,-0.982379155196476,0.984113141630834,-0.975960696696688,0.975960696696688
2.82,-0.972658680955024,0.974338031996274,-0.972658680955024,0.974338031996274,-0.966442458756705,0.966442458756705
2.83,-0.963033214190946,0.964659651320941,-0.963033214190946,0.964659651320941,-0.957012856122082,0.957012856122082
2.84,-0.953501863533694,0.955077053992895,-0.953501863533694,0.955077053992895,-0.947671198200152,0.947671198200152
2.85,-0.944063744781501,0.945589303278044,-0.944063744781501,0.945589303278044,-0.938416795240808,0.938416795240808
2.86,-0.934717980883627,0.936195471248543,-0.934717980883627,0.936195471248543,-0.929248958518088,0.929248958518088
2.87,-0.925463701921104,0.926894638711377,-0.925463701921104,0.926894638711377,-0.920167000503951,0.920167000503951
2.88,-0.916300045086024,0.91768589513715,-0.916300045086024,0.91768589513715,-0.911170235034551,0.911170235034551
2.89,-0.907226154659459,0.90856833858908,-0.907226154659459,0.90856833858908,-0.902257977469224,0.902257977469224
2.9,-0.898241181988068,0.899541075652226,-0.898241181988068,0.899541075652226,-0.893429544842461,0.893429544842461
2.91,-0.889344285459443,0.890603221362956,-0.889344285459443,0.890603221362956,-0.884684256009107,0.884684256009107
2.92,-0.880534630476267,0.881753899138662,-0.880534630476267,0.881753899138662,-0.876021431783006,0.876021431783006
2.93,-0.87181138942934,0.87299224070775,-0.87181138942934,0.87299224070775,-0.867440395069339,0.867440395069339
2.94,-0.863173741669514,0.864317386039889,-0.863173741669514,0.864317386039889,-0.858940470990853,0.858940470990853
2.95,-0.854620873478613,0.855728483276563,-0.854620873478613,0.855728483276563,-0.8505209870082,0.8505209870082
2.96,-0.846151978039361,0.847224688661907,-0.846151978039361,0.847224688661907,-0.8421812730346,0.8421812730346
2.97,-0.837766255404403,0.838805166473854,-0.837766255404403,0.838805166473854,-0.833920661545008,0.833920661545008
2.98,-0.829462912464428,0.830469088955592,-0.829462912464428,0.830469088955592,-0.825738487679991,0.825738487679991
2.99,-0.821241162915472,0.822215636247348,-0.821241162915472,0.822215636247348,-0.817634089344498,0.817634089344498
3,-0.813100227225427,0.814043996318502,-0.813100227225427,0.814043996318502,-0.809606807301688,0.809606807301688
3.01,-0.805039332599812,0.805953364900036,-0.805039332599812,0.805953364900036,-0.801655985262018,0.801655985262018
3.02,-0.797057712946827,0.797942945417337,-0.797057712946827,0.797942945417337,-0.793780969967729,0.793780969967729
3.03,-0.789154608841759,0.790011948923343,-0.789154608841759,0.790011948923343,-0.785981111272908,0.785981111272908
3.04,-0.781329267490747,0.782159594032055,-0.781329267490747,0.782159594032055,-0.778255762219278,0.778255762219278
3.05,-0.773580942693975,0.774385106852409,-0.773580942693975,0.774385106852409,-0.770604279107884,0.770604279107884
3.06,-0.765908894808297,0.766687720922529,-0.765908894808297,0.766687720922529,-0.763026021566787,0.763026021566787
3.07,-0.758312390709353,0.759066677144341,-0.758312390709353,0.759066677144341,-0.755520352614942,0.755520352614942
3.08,-0.750790703753201,0.751521223718582,-0.750790703753201,0.751521223718582,-0.748086638722383,0.748086638722383
3.09,-0.743343113737489,0.744050616080187,-0.743343113737489,0.744050616080187,-0.740724249866853,0.740724249866853
3.1,-0.735968906862208,0.736654116834071,-0.735968906862208,0.736654116834071,-0.733432559586993,0.733432559586993
3.11,-0.728667375690059,0.729330995691301,-0.728667375690059,0.729330995691301,-0.726210945032238,0.726210945032238
3.12,-0.721437819106446,0.722080529405672,-0.721437819106446,0.722080529405672,-0.719058787009521,0.719058787009521
3.13,-0.714279542279139,0.714902001710678,-0.714279542279139,0.714902001710678,-0.711975470026914,0.711975470026914
3.14,-0.707191856617623,0.707794703256893,-0.707191856617623,0.707794703256893,-0.704960382334307,0.704960382334307
3.15,-0.700174079732169,0.700757931549757,-0.700174079732169,0.700757931549757,-0.698012915961245,0.698012915961245
3.16,-0.693225535392639,0.693790990887776,-0.693225535392639,0.693790990887776,-0.69113246675202,0.69113246675202
3.17,-0.686345553487055,0.686893192301132,-0.686345553487055,0.686893192301132,-0.684318434398126,0.684318434398126
3.18,-0.679533469979959,0.68006385349071,-0.679533469979959,0.68006385349071,-0.677570222468169,0.677570222468169
3.19,-0.672788626870578,0.67330229876754,-0.672788626870578,0.67330229876754,-0.670887238435336,0.670887238435336
3.2,-0.66611037215082,0.666607858992661,-0.66611037215082,0.666607858992661,-0.664268893702503,0.664268893702503
3.21,-0.659498059763116,0.659979871517406,-0.659498059763116,0.659979871517406,-0.657714603625084,0.657714603625084
3.22,-0.652951049558135,0.653417680124108,-0.652951049558135,0.653417680124108,-0.651223787531695,0.651223787531695
3.23,-0.646468707252385,0.646920634967227,-0.646468707252385,0.646920634967227,-0.64479586874273,0.64479586874273
3.24,-0.640050404385719,0.640488092514906,-0.640050404385719,0.640488092514906,-0.638430274586911,0.638430274586911
3.25,-0.633695518278765,0.634119415490951,-0.633695518278765,0.634119415490951,-0.63212643641591,0.63212643641591
3.26,-0.627403431990294,0.627813972817235,-0.627403431990294,0.627813972817235,-0.625883789617101,0.625883789617101
3.27,-0.621173534274541,0.62157113955653,-0.621173534274541,0.62157113955653,-0.619701773624525,0.619701773624525
3.28,-0.615005219538503,0.615390296855768,-0.615005219538503,0.615390296855768,-0.613579831928139,0.613579831928139
3.29,-0.608897887799218,0.609270831889723,-0.608897887799218,0.609270831889723,-0.607517412081403,0.607517412081403
3.3,-0.602850944641035,0.603212137805127,-0.602850944641035,0.603212137805127,-0.601513965707293,0.601513965707293
3.31,-0.596863801172915,0.597213613665211,-0.596863801172915,0.597213613665211,-0.595568948502779,0.595568948502779
3.32,-0.590935873985738,0.59127466439467,-0.590935873985738,0.59127466439467,-0.589681820241849,0.589681820241849
3.33,-0.585066585109658,0.585394700725059,-0.585066585109658,0.585394700725059,-0.583852044777131,0.583852044777131
3.34,-0.579255361971509,0.579573139140612,-0.579255361971509,0.579573139140612,-0.578079090040163,0.578079090040163
3.35,-0.573501637352262,0.573809401824489,-0.573501637352262,0.573809401824489,-0.57236242804038,0.57236242804038
3.36,-0.567804849344566,0.568102916605447,-0.567804849344566,0.568102916605447,-0.566701534862859,0.566701534862859
3.37,-0.562164441310359,0.562453116904934,-0.562164441310359,0.562453116904934,-0.561095890664882,0.561095890664882
3.38,-0.55657986183858,0.556859441684608,-0.55657986183858,0.556859441684608,-0.555544979671365,0.555544979671365
3.39,-0.551050564702977,0.55132133539428,-0.551050564702977,0.55132133539428,-0.550048290169194,0.550048290169194
3.4,-0.545576008820031,0.545838247920273,-0.545576008820031,0.545838247920273,-0.544605314500527,0.544605314500527
3.41,-0.540155658206988,0.540409634534208,-0.540155658206988,0.540409634534208,-0.539215549055097,0.539215549055097
3.42,-0.534788981940033,0.535034955842204,-0.534788981940033,0.535034955842204,-0.533878494261563,0.533878494261563
3.43,-0.529475454112588,0.529713677734495,-0.529475454112588,0.529713677734495,-0.528593654577952,0.528593654577952
3.44,-0.524214553793757,0.524445271335471,-0.524214553793757,0.524445271335471,-0.523360538481225,0.523360538481225
3.45,-0.519005764986922,0.519229212954124,-0.519005764986922,0.519229212954124,-0.518178658456025,0.518178658456025
3.46,-0.513848576588491,0.514064984034911,-0.513848576588491,0.514064984034911,-0.513047530982618,0.513047530982618
3.47,-0.508742482346816,0.508952071109033,-0.508742482346816,0.508952071109033,-0.507966676524084,0.507966676524084
3.48,-0.503686980821271,0.503889965746117,-0.503686980821271,0.503889965746117,-0.502935619512787,0.502935619512787
3.49,-0.498681575341517,0.498878164506313,-0.498681575341517,0.498878164506313,-0.497953888336154,0.497953888336154
3.5,-0.493725773966937,0.493916168892791,-0.493725773966937,0.493916168892791,-0.493021015321803,0.493021015321803
3.51,-0.488819089446266,0.489003485304645,-0.488819089446266,0.489003485304645,-0.488136536722043,0.488136536722043
3.52,-0.483961039177401,0.484139624990205,-0.483961039177401,0.484139624990205,-0.483299992697787,0.483299992697787
3.53,-0.479151145167419,0.479324104000741,-0.479151145167419,0.479324104000741,-0.478510927301893,0.478510927301893
3.54,-0.474388933992785,0.474556443144575,-0.474388933992785,0.474556443144575,-0.473768888461982,0.473768888461982
3.55,-0.469673936759776,0.469836167941579,-0.469673936759776,0.469836167941579,-0.469073427962738,0.469073427962738
3.56,-0.465005689065097,0.46516280857808,-0.465005689065097,0.46516280857808,-0.464424101427729,0.464424101427729
3.57,-0.460383730956727,0.460535899862147,-0.460383730956727,0.460535899862147,-0.459820468300781,0.459820468300781
3.58,-0.455807606894969,0.455954981179276,-0.455807606894969,0.455954981179276,-0.455262091826905,0.455262091826905
3.59,-0.451276865713721,0.45141959644846,-0.451276865713721,0.45141959644846,-0.450748539032832,0.450748539032832
3.6,-0.446791060581975,0.446929294078647,-0.446791060581975,0.446929294078647,-0.446279380707155,0.446279380707155
3.61,-0.442349748965535,0.442483626925576,-0.442349748965535,0.442483626925576,-0.441854191380113,0.441854191380113
3.62,-0.437952492588964,0.438082152249006,-0.437952492588964,0.438082152249006,-0.437472549303025,0.437472549303025
3.63,-0.433598857397764,0.433724431670311,-0.433598857397764,0.433724431670311,-0.43313403642742,0.43313403642742
3.64,-0.429288413520789,0.429410031130464,-0.429288413520789,0.429410031130464,-0.428838238383847,0.428838238383847
3.65,-0.425020735232886,0.425138520848388,-0.425020735232886,0.425138520848388,-0.424584744460417,0.424584744460417
3.66,-0.420795400917786,0.420909475279682,-0.420795400917786,0.420909475279682,-0.420373147581073,0.420373147581073
3.67,-0.416611993031218,0.416722473075719,-0.416611993031218,0.416722473075719,-0.416203044283622,0.416203044283622
3.68,-0.412470098064281,0.412577097043104,-0.412470098064281,0.412577097043104,-0.412074034697529,0.412074034697529
3.69,-0.408369306507041,0.408472934103508,-0.408369306507041,0.408472934103508,-0.407985722521505,0.407985722521505
3.7,-0.404309212812387,0.404409575253857,-0.404309212812387,0.404409575253857,-0.403937715000897,0.403937715000897
3.71,-0.40028941536012,0.400386615526884,-0.40028941536012,0.400386615526884,-0.399929622904894,0.399929622904894
3.72,-0.3963095164213,0.396403653952038,-0.3963095164213,0.396403653952038,-0.395961060503568,0.395961060503568
3.73,-0.392369122122824,0.392460293516748,-0.392369122122824,0.392460293516748,-0.392031645544762,0.392031645544762
3.74,-0.388467842412271,0.388556141128043,-0.388467842412271,0.388556141128043,-0.388140999230839,0.388140999230839
3.75,-0.384605291022982,0.384690807574515,-0.384605291022982,0.384690807574515,-0.384288746195302,0.384288746195302
3.76,-0.380781085439395,0.380863907488644,-0.380781085439395,0.380863907488644,-0.380474514479304,0.380474514479304
3.77,-0.376994846862633,0.377075059309447,-0.376994846862633,0.377075059309447,-0.376697935508054,0.376697935508054
3.78,-0.373246200176333,0.373323885245495,-0.373246200176333,0.373323885245495,-0.372958644067132,0.372958644067132
3.79,-0.369534773912739,0.369610011238247,-0.369534773912739,0.369610011238247,-0.369256278278727,0.369256278278727
3.8,-0.36586020021904,0.365933066925738,-0.36586020021904,0.365933066925738,-0.365590479577808,0.365590479577808
3.81,-0.362222114823954,0.362292685606598,-0.362222114823954,0.362292685606598,-0.361960892688231,0.361960892688231
3.82,-0.358620157004577,0.358688504204397,-0.358620157004577,0.358688504204397,-0.358367165598801,0.358367165598801
3.83,-0.355053969553472,0.355120163232333,-0.355053969553472,0.355120163232333,-0.354808949539301,0.354808949539301
3.84,-0.351523198746015,0.351587306758233,-0.351523198746015,0.351587306758233,-0.351285898956483,0.351285898956483
3.85,-0.348027494307994,0.348089582369894,-0.348027494307994,0.348089582369894,-0.34779767149004,0.34779767149004
3.86,-0.344566509383455,0.344626641140737,-0.344566509383455,0.344626641140737,-0.344343927948568,0.344343927948568
3.87,-0.341139900502805,0.341198137595785,-0.341139900502805,0.341198137595785,-0.340924332285525,0.340924332285525
3.88,-0.337747327551156,0.337803729677954,-0.337747327551156,0.337803729677954,-0.337538551575188,0.337538551575188
3.89,-0.334388453736936,0.334443078714669,-0.334388453736936,0.334443078714669,-0.334186255988625,0.334186255988625
3.9,-0.331062945560731,0.331115849384784,-0.331062945560731,0.331115849384784,-0.33086711876968,0.33086711876968
3.91,-0.327770472784389,0.327821709685814,-0.327770472784389,0.327821709685814,-0.327580816210992,0.327580816210992
3.92,-0.32451070840037,0.324560330901477,-0.32451070840037,0.324560330901477,-0.324327027630035,0.324327027630035
3.93,-0.321283328601345,0.321331387569542,-0.321283328601345,0.321331387569542,-0.3211054353452,0.3211054353452
3.94,-0.318088012750036,0.318134557449974,-0.318088012750036,0.318134557449974,-0.317915724651917,0.317915724651917
3.95,-0.314924443349314,0.314969521493385,-0.314924443349314,0.314969521493385,-0.314757583798837,0.314757583798837
3.96,-0.311792306012534,0.311835963809783,-0.311792306012534,0.311835963809783,-0.31163070396405,0.31163070396405
3.97,-0.308691289434121,0.308733571637612,-0.308691289434121,0.308733571637612,-0.308534779231381,0.308534779231381
3.98,-0.305621085360393,0.305662035313088,-0.305621085360393,0.305662035313088,-0.305469506566736,0.305469506566736
3.99,-0.302581388560639,0.302621048239824,-0.302581388560639,0.302621048239824,-0.30243458579453,0.30243458579453
4,-0.299571896798428,0.299610306858746,-0.299571896798428,0.299610306858746,-0.299429719574179,0.299429719574179
4.01,-0.296592310803166,0.296629510618292,-0.296592310803166,0.296629510618292,-0.296454613376672,0.296454613376672
4.02,-0.293642334241891,0.293678361944893,-0.293642334241891,0.293678361944893,-0.293508975461235,0.293508975461235
4.03,-0.290721673691311,0.290756566213738,-0.290721673691311,0.290756566213738,-0.290592516852067,0.290592516852067
4.04,-0.287830038610075,0.287863831719819,-0.287830038610075,0.287863831719819,-0.287704951315174,0.287704951315174
4.05,-0.284967141311287,0.284999869649243,-0.284967141311287,0.284999869649243,-0.284845995335299,0.284845995335299
4.06,-0.282132696935248,0.282164394050828,-0.282132696935248,0.282164394050828,-0.282015368092942,0.282015368092942
4.07,-0.279326423422445,0.279357121807969,-0.279326423422445,0.279357121807969,-0.279212791441484,0.279212791441484
4.08,-0.276548041486761,0.276577772610761,-0.276548041486761,0.276577772610761,-0.276437989884416,0.276437989884416
4.09,-0.273797274588928,0.273826068928409,-0.273797274588928,0.273826068928409,-0.27369069055267,0.27369069055267
4.1,-0.271073848910203,0.271101735981885,-0.271073848910203,0.271101735981885,-0.270970623182064,0.270970623182064
4.11,-0.26837749332628,0.268404501716852,-0.26837749332628,0.268404501716852,-0.26827752009085,0.26827752009085
4.12,-0.265707939381428,0.265734096776856,-0.265707939381428,0.265734096776856,-0.265611116157388,0.265611116157388
4.13,-0.263064921262857,0.26309025447676,-0.263064921262857,0.26309025447676,-0.262971148797924,0.262971148797924
4.14,-0.260448175775308,0.26047271077645,-0.260448175775308,0.26047271077645,-0.260357357944496,0.260357357944496
4.15,-0.257857442315874,0.257881204254779,-0.257857442315874,0.257881204254779,-0.257769486022956,0.257769486022956
4.16,-0.255292462849038,0.255315476083773,-0.255292462849038,0.255315476083773,-0.255207277931111,0.255207277931111
4.17,-0.252752981881932,0.252775270003079,-0.252752981881932,0.252775270003079,-0.252670481016998,0.252670481016998
4.18,-0.250238746439828,0.250260332294662,-0.250238746439828,0.250260332294662,-0.250158845057276,0.250158845057276
4.19,-0.247749506041832,0.247770411757743,-0.247749506041832,0.247770411757743,-0.247672122235749,0.247672122235749
4.2,-0.245285012676808,0.245305259683987,-0.245285012676808,0.245305259683987,-0.245210067122018,0.245210067122018
4.21,-0.242845020779516,0.242864629832917,-0.242845020779516,0.242864629832917,-0.242772436650264,0.242772436650264
4.22,-0.240429287206961,0.240448278407581,-0.240429287206961,0.240448278407581,-0.240358990098158,0.240358990098158
4.23,-0.238037571214958,0.23805596403044,-0.238037571214958,0.23805596403044,-0.237969489065914,0.237969489065914
4.24,-0.235669634434913,0.235687447719503,-0.235669634434913,0.235687447719503,-0.235603697455463,0.235603697455463
4.25,-0.233325240850806,0.233342492864681,-0.233325240850806,0.233342492864681,-0.233261381449774,0.233261381449774
4.26,-0.231004156776393,0.231020865204378,-0.231004156776393,0.231020865204378,-0.230942309492302,0.230942309492302
4.27,-0.228706150832609,0.228722332802305,-0.228706150832609,0.228722332802305,-0.228646252266577,0.228646252266577
4.28,-0.22643099392518,0.226446666024522,-0.22643099392518,0.226446666024522,-0.226372982675932,0.226372982675932
4.29,-0.224178459222438,0.224193637516701,-0.224178459222438,0.224193637516701,-0.224122275823365,0.224122275823365
4.3,-0.221948322133343,0.221963022181608,-0.221948322133343,0.221963022181608,-0.221893908991542,0.221893908991542
4.31,-0.219740360285704,0.219754597156807,-0.219740360285704,0.219754597156807,-0.21968766162294,0.21968766162294
4.32,-0.2175543535046,0.21756814179258,-0.2175543535046,0.21756814179258,-0.21750331530013,0.21750331530013
4.33,-0.215390083791002,0.215403437630063,-0.215390083791002,0.215403437630063,-0.215340653726198,0.215340653726198
4.34,-0.213247335300593,0.213260268379587,-0.213247335300593,0.213260268379587,-0.21319946270531,0.21319946270531
4.35,-0.211125894322777,0.211138419899243,-0.211125894322777,0.211138419899243,-0.211079530123414,0.211079530123414
4.36,-0.209025549259896,0.209037680173647,-0.209025549259896,0.209037680173647,-0.208980645929088,0.208980645929088
4.37,-0.206946090606625,0.20695783929291,-0.206946090606625,0.20695783929291,-0.206902602114528,0.206902602114528
4.38,-0.204887310929571,0.204898689431822,-0.204887310929571,0.204898689431822,-0.204845192696672,0.204845192696672
4.39,-0.202849004847052,0.20286002482923,-0.202849004847052,0.20286002482923,-0.202808213698475,0.202808213698475
4.4,-0.200830969009072,0.200841641767623,-0.200830969009072,0.200841641767623,-0.200791463130318,0.200791463130318
4.41,-0.198833002077479,0.198843338552915,-0.198833002077479,0.198843338552915,-0.198794740971563,0.198794740971563
4.42,-0.19685490470631,0.196864915494424,-0.19685490470631,0.196864915494424,-0.19681784915225,0.19681784915225
4.43,-0.194896479522323,0.194906174885048,-0.194896479522323,0.194906174885048,-0.19486059153493,0.19486059153493
4.44,-0.192957531105701,0.192966920981635,-0.192957531105701,0.192966920981635,-0.192922773896647,0.192922773896647
4.45,-0.191037865970955,0.191046959985541,-0.191037865970955,0.191046959985541,-0.191004203911057,0.191004203911057
4.46,-0.189137292547987,0.189146100023387,-0.189137292547987,0.189146100023387,-0.189104691130686,0.189104691130686
4.47,-0.187255621163348,0.187264151127995,-0.187255621163348,0.187264151127995,-0.187224046969337,0.187224046969337
4.48,-0.185392664021662,0.185400925219517,-0.185392664021662,0.185400925219517,-0.185362084684628,0.185362084684628
4.49,-0.183548235187229,0.183556236086743,-0.183548235187229,0.183556236086743,-0.183518619360674,0.183518619360674
4.5,-0.181722150565803,0.181729899368598,-0.181722150565803,0.181729899368598,-0.181693467890911,0.181693467890911
4.51,-0.179914227886542,0.17992173253582,-0.179914227886542,0.17992173253582,-0.179886448961061,0.179886448961061
4.52,-0.178124286684127,0.17813155487281,-0.178124286684127,0.17813155487281,-0.178097383032225,0.178097383032225
4.53,-0.176352148281051,0.17635918745967,-0.176352148281051,0.17635918745967,-0.176326092324131,0.176326092324131
4.54,-0.174597635770082,0.17460445315441,-0.174597635770082,0.17460445315441,-0.174572400798506,0.174572400798506
4.55,-0.172860573996882,0.172867176575335,-0.172860573996882,0.172867176575335,-0.172836134142594,0.172836134142594
4.56,-0.1711407895428,0.171147184083599,-0.1711407895428,0.171147184083599,-0.17111711975281,0.17111711975281
4.57,-0.169438110707828,0.169444303765938,-0.169438110707828,0.169444303765938,-0.169415186718529,0.169415186718529
4.58,-0.167752367493713,0.167758365417561,-0.167752367493713,0.167758365417561,-0.167730165806009,0.167730165806009
4.59,-0.166083391587242,0.166089200525223,-0.166083391587242,0.166089200525223,-0.166061889442459,0.166061889442459
4.6,-0.16443101634367,0.164436642250456,-0.16443101634367,0.164436642250456,-0.164410191700227,0.164410191700227
4.61,-0.162795076770327,0.162800525412964,-0.162795076770327,0.162800525412964,-0.162774908281141,0.162774908281141
4.62,-0.16117540951036,0.161180686474185,-0.16117540951036,0.161180686474185,-0.161155876500964,0.161155876500964
4.63,-0.159571852826652,0.159576963521014,-0.159571852826652,0.159576963521014,-0.159552935274001,0.159552935274001
4.64,-0.157984246585877,0.157989196249685,-0.157984246585877,0.157989196249685,-0.157965925097824,0.157965925097824
4.65,-0.156412432242719,0.156417225949813,-0.156412432242719,0.156417225949813,-0.156394688038134,0.156394688038134
4.66,-0.15485625282424,0.154860895488588,-0.15485625282424,0.154860895488588,-0.154839067713759,0.154839067713759
4.67,-0.153315552914397,0.153320049295137,-0.153315552914397,0.153320049295137,-0.153298909281778,0.153298909281778
4.68,-0.151790178638707,0.151794533345023,-0.151790178638707,0.151794533345023,-0.151774059422768,0.151774059422768
4.69,-0.150279977649063,0.150284195144911,-0.150279977649063,0.150284195144911,-0.150264366326198,0.150264366326198
4.7,-0.148784799108696,0.148788883717377,-0.148784799108696,0.148788883717377,-0.148769679675932,0.148769679675932
4.71,-0.147304493677275,0.147308449585871,-0.147304493677275,0.147308449585871,-0.147289850635869,0.147289850635869
4.72,-0.145838913496162,0.145842744759827,-0.145838913496162,0.145842744759827,-0.145824731835715,0.145824731835715
4.73,-0.144387912173801,0.144391622719914,-0.144387912173801,0.144391622719914,-0.144374177356868,0.144374177356868
4.74,-0.142951344771248,0.142954938403444,-0.142951344771248,0.142954938403444,-0.142938042718441,0.142938042718441
4.75,-0.141529067787849,0.141532548189917,-0.141529067787849,0.141532548189917,-0.141516184863399,0.141516184863399
4.76,-0.140120939147047,0.140124309886702,-0.140120939147047,0.140124309886702,-0.140108462144827,0.140108462144827
4.77,-0.138726818182331,0.138730082714877,-0.138726818182331,0.138730082714877,-0.138714734312322,0.138714734312322
4.78,-0.137346565623321,0.13734972729519,-0.137346565623321,0.13734972729519,-0.137334862498499,0.137334862498499
4.79,-0.135980043581988,0.13598310563417,-0.135980043581988,0.13598310563417,-0.135968709205625,0.135968709205625
4.8,-0.134627115539006,0.134630081110373,-0.134627115539006,0.134630081110373,-0.134616138292373,0.134616138292373
4.81,-0.133287646330237,0.133290518460759,-0.133287646330237,0.133290518460759,-0.133277014960696,0.133277014960696
4.82,-0.131961502133347,0.13196428376721,-0.131961502133347,0.13196428376721,-0.131951205742813,0.131951205742813
4.83,-0.130648550454556,0.130651244443178,-0.130648550454556,0.130651244443178,-0.130638578488328,0.130638578488328
4.84,-0.12934866011551,0.129351269220464,-0.12934866011551,0.129351269220464,-0.129339002351449,0.129339002351449
4.85,-0.128061701240283,0.128064228136131,-0.128061701240283,0.128064228136131,-0.128052347778335,0.128052347778335
4.86,-0.126787545242511,0.126789992519542,-0.126787545242511,0.126789992519542,-0.126778486494558,0.126778486494558
4.87,-0.125526064812641,0.125528434979529,-0.125526064812641,0.125528434979529,-0.125517291492674,0.125517291492674
4.88,-0.124277133905314,0.124279429391687,-0.124277133905314,0.124279429391687,-0.124268637019911,0.124268637019911
4.89,-0.123040627726864,0.123042850885797,-0.123040627726864,0.123042850885797,-0.123032398565975,0.123032398565975
4.9,-0.121816422722946,0.12181857583337,-0.121816422722946,0.12181857583337,-0.121808452850959,0.121808452850959
4.91,-0.120604396566272,0.120606481835316,-0.120604396566272,0.120606481835316,-0.120596677813372,0.120596677813372
4.92,-0.119404428144483,0.119406447709729,-0.119404428144483,0.119406447709729,-0.119396952598272,0.119396952598272
4.93,-0.118216397548127,0.118218353479807,-0.118216397548127,0.118218353479807,-0.118209157545515,0.118209157545515
4.94,-0.11704018605876,0.117042080361874,-0.11704018605876,0.117042080361874,-0.117033174178111,0.117033174178111
4.95,-0.11587567613716,0.115877510753535,-0.11587567613716,0.115877510753535,-0.115868885190682,0.115868885190682
4.96,-0.11472275141166,0.114724528221939,-0.11472275141166,0.114724528221939,-0.114716174438038,0.114716174438038
4.97,-0.113581296666592,0.113583017492161,-0.113581296666592,0.113583017492161,-0.113574926923853,0.113574926923853
4.98,-0.112451197830847,0.112452864435702,-0.112451197830847,0.112452864435702,-0.112445028789446,0.112445028789446
4.99,-0.111332341966539,0.111333956059098,-0.111332341966539,0.111333956059098,-0.11132636730267,0.11132636730267
5,-0.110224617257796,0.110226180492643,-0.110224617257796,0.110226180492643,-0.110218830846904,0.110218830846904
5.01,-0.10912791299964,0.109129426979229,-0.10912791299964,0.109129426979229,-0.109122308910148,0.109122308910148
5.02,-0.108042119586995,0.108043585863286,-0.108042119586995,0.108043585863286,-0.10803669207422,0.10803669207422
5.03,-0.106967128503788,0.106968548579844,-0.106967128503788,0.106968548579844,-0.106961872004055,0.106961872004055
5.04,-0.105902832312168,0.10590420764369,-0.105902832312168,0.10590420764369,-0.105897741437103,0.105897741437103
5.05,-0.104849124641822,0.104850456638647,-0.104849124641822,0.104850456638647,-0.104844194172834,0.104844194172834
5.06,-0.103805900179404,0.103807190206944,-0.103805900179404,0.103807190206944,-0.10380112506233,0.10380112506233
5.07,-0.102773054658057,0.102774304038704,-0.102773054658057,0.102774304038704,-0.102768429997984,0.102768429997984
5.08,-0.101750484847051,0.101751694861529,-0.101750484847051,0.101751694861529,-0.101746005903297,0.101746005903297
5.09,-0.100738088541511,0.100739260430191,-0.100738088541511,0.100739260430191,-0.100733750722767,0.100733750722767
5.1,-0.0997357645522525,0.0997368995164226,-0.0997357645522525,0.0997368995164226,-0.0997315634118744,0.0997315634118744
5.11,-0.0987434126957156,0.0987445118988137,-0.0987434126957156,0.0987445118988137,-0.0987393439271666,0.0987393439271666
5.12,-0.0977609337839961,0.0977619983528018,-0.0977609337839961,0.0977619983528018,-0.0977569932164323,0.0977569932164323
5.13,-0.0967882296149772,0.0967892606407666,-0.0967882296149772,0.0967892606407666,-0.0967844132089717,0.0967844132089717
5.14,-0.0958252029625561,0.095826201502221,-0.0958252029625561,0.095826201502221,-0.0958215068059587,0.0958215068059587
5.15,-0.0948717575669682,0.094872724644099,-0.0948717575669682,0.094872724644099,-0.0948681778708947,0.0948681778708947
5.16,-0.0939277981252052,0.0939287347311408,-0.0939277981252052,0.0939287347311408,-0.0939243312201538,0.0939243312201538
5.17,-0.0929932302815287,0.0929941373763721,-0.0929932302815287,0.0929941373763721,-0.0929898726136181,0.0929898726136181
5.18,-0.0920679606180764,0.0920688391316793,-0.0920679606180764,0.0920688391316793,-0.092064708745403,0.092064708745403
5.19,-0.0911518966455606,0.0911527474784763,-0.0911518966455606,0.0911527474784763,-0.0911487472346702,0.0911487472346702
5.2,-0.090244946794059,0.0902457708184658,-0.090244946794059,0.0902457708184658,-0.0902418966165298,0.0902418966165298
5.21,-0.0893470204038957,0.0893478184644908,-0.0893470204038957,0.0893478184644908,-0.0893440663330287,0.0893440663330287
5.22,-0.0884580277166122,0.0884588006314774,-0.0884580277166122,0.0884588006314774,-0.0884551667242259,0.0884551667242259
5.23,-0.0875778798660268,0.0875786284274677,-0.0875778798660268,0.0875786284274677,-0.0875751090193537,0.0875751090193537
5.24,-0.0867064888693834,0.0867072138447409,-0.0867064888693834,0.0867072138447409,-0.086703805328063,0.086703805328063
5.25,-0.0858437676185861,0.0858444697510234,-0.0858437676185861,0.0858444697510234,-0.0858411686317536,0.0858411686317536
5.26,-0.0849896298715209,0.0849903098807854,-0.0849896298715209,0.0849903098807854,-0.0849871127749873,0.0849871127749873
5.27,-0.0841439902434634,0.084144648826624,-0.0841439902434634,0.084144648826624,-0.0841415524569843,0.0841415524569843
5.28,-0.0833067641985702,0.0833074020307323,-0.0833067641985702,0.0833074020307323,-0.083304403223201,0.083304403223201
5.29,-0.082477868041455,0.0824784857764524,-0.082477868041455,0.0824784857764524,-0.0824755814569893,0.0824755814569893
5.3,-0.0816572189088478,0.081657817179913,-0.0816572189088478,0.081657817179913,-0.0816550043713362,0.0816550043713362
5.31,-0.0808447347613359,0.0808453141817491,-0.0808447347613359,0.0808453141817491,-0.0808425900006837,0.0808425900006837
5.32,-0.080040334375187,0.0800408955389048,-0.080040334375187,0.0800408955389048,-0.0800382571928266,0.0800382571928266
5.33,-0.0792439373342524,0.0792444808165168,-0.0792439373342524,0.0792444808165168,-0.07924192560089,0.07924192560089
5.34,-0.078455464021951,0.0784559903798789,-0.078455464021951,0.0784559903798789,-0.0784535156753839,0.0784535156753839
5.35,-0.0776748356133315,0.0776753453864859,-0.0776748356133315,0.0776753453864859,-0.0776729486563338,0.0776729486563338
5.36,-0.0769019740672138,0.0769024677781568,-0.0769019740672138,0.0769024677781568,-0.0769001465654894,0.0769001465654894
5.37,-0.0761368021184074,0.076137280273236,-0.0761368021184074,0.076137280273236,-0.0761350321986071,0.0761350321986071
5.38,-0.0753792432700072,0.0753797063588718,-0.0753792432700072,0.0753797063588718,-0.0753775291178081,0.0753775291178081
5.39,-0.0746292217857649,0.0746296702833723,-0.0746292217857649,0.0746296702833723,-0.0746275616440109,0.0746275616440109
5.4,-0.0738866626825365,0.073887097048636,-0.0738866626825365,0.073887097048636,-0.0738850548494371,0.0738850548494371
5.41,-0.0731514917228038,0.0731519124026586,-0.0731514917228038,0.0731519124026586,-0.0731499345501892,0.0731499345501892
5.42,-0.07242363540727,0.0724240428321138,-0.07242363540727,0.0724240428321138,-0.0724221272989018,0.0724221272989018
5.43,-0.0717030209675287,0.0717034155550077,-0.0717030209675287,0.0717034155550077,-0.071701560377464,0.071701560377464
5.44,-0.0709895763588053,0.0709899585134061,-0.0709895763588053,0.0709899585134061,-0.0709881617898113,0.0709881617898113
5.45,-0.0702832302527701,0.0702836003662347,-0.0702832302527701,0.0702836003662347,-0.0702818602547898,0.0702818602547898
5.46,-0.0695839120304227,0.0695842704821498,-0.0695839120304227,0.0695842704821498,-0.0695825851990882,0.0695825851990882
5.47,-0.0688915517750463,0.0688918989324803,-0.0688915517750463,0.0688918989324803,-0.0688902667502393,0.0688902667502393
5.48,-0.0682060802652324,0.0682064164842401,-0.0682060802652324,0.0682064164842401,-0.06820483572969,0.06820483572969
5.49,-0.0675274289679742,0.0675277545932095,-0.0675274289679742,0.0675277545932095,-0.0675262236459385,0.0675262236459385
5.5,-0.066855530031828,0.0668558453970852,-0.066855530031828,0.0668558453970852,-0.0668543626877383,0.0668543626877383
5.51,-0.0661903162801428,0.066190621708699,-0.0661903162801428,0.066190621708699,-0.0661891857173692,0.0661891857173692
5.52,-0.0655317212043567,0.0655320170093029,-0.0655317212043567,0.0655320170093029,-0.0655306262639735,0.0655306262639735
5.53,-0.0648796789573599,0.064879965441922,-0.0648796789573599,0.064879965441922,-0.0648786185169572,0.0648786185169572
5.54,-0.0642341243469227,0.0642344018047725,-0.0642341243469227,0.0642344018047725,-0.0642330973194564,0.0642330973194564
5.55,-0.0635949928291897,0.0635952615447458,-0.0635949928291897,0.0635952615447458,-0.0635939981618665,0.0635939981618665
5.56,-0.0629622205022374,0.0629624807509567,-0.0629622205022374,0.0629624807509567,-0.0629612571754363,0.0629612571754363
5.57,-0.0623357440996959,0.0623359961483563,-0.0623357440996959,0.0623359961483563,-0.0623348111259226,0.0623348111259226
5.58,-0.0617155009844345,0.0617157450914078,-0.0617155009844345,0.0617157450914078,-0.0617145974073092,0.0617145974073092
5.59,-0.0611014291423084,0.0611016655578257,-0.0611014291423084,0.0611016655578257,-0.0611005540355855,0.0611005540355855
5.6,-0.060493467175969,0.0604936961423768,-0.060493467175969,0.0604936961423768,-0.0604926196425874,0.0604926196425874
5.61,-0.0598915542987341,0.0598917760507431,-0.0598915542987341,0.0598917760507431,-0.0598907334698979,0.0598907334698979
5.62,-0.0592956303285199,0.0592958450934452,-0.0592956303285199,0.0592958450934452,-0.0592948353628076,0.0592948353628076
5.63,-0.0587056356818322,0.0587058436798268,-0.0587056356818322,0.0587058436798268,-0.0587048657643344,0.0587048657643344
5.64,-0.0581215113678182,0.0581217128120982,-0.0581215113678182,0.0581217128120982,-0.0581207657093022,0.0581207657093022
5.65,-0.0575431989823763,0.0575433940794397,-0.0575431989823763,0.0575433940794397,-0.0575424768184766,0.0575424768184766
5.66,-0.0569706407023248,0.0569708296521633,-0.0569706407023248,0.0569708296521633,-0.0569699412927604,0.0569699412927604
5.67,-0.0564037792796284,0.056403962275932,-0.0564037792796284,0.056403962275932,-0.0564031019074431,0.0564031019074431
5.68,-0.0558425580356815,0.0558427352660375,-0.0558425580356815,0.0558427352660375,-0.0558419020065096,0.0558419020065096
5.69,-0.055286920855649,0.055287092501734,-0.055286920855649,0.055287092501734,-0.0552862854970031,0.0552862854970031
5.7,-0.0547368121828622,0.0547369784206284,-0.0547368121828622,0.0547369784206284,-0.0547361968434441,0.0547361968434441
5.71,-0.0541921770132711,0.0541923380131269,-0.0541921770132711,0.0541923380131269,-0.054191581062304,0.054191581062304
5.72,-0.0536529608899514,0.0536531168169356,-0.0536529608899514,0.0536531168169356,-0.0536523837165333,0.0536523837165333
5.73,-0.0531191098976658,0.0531192609116173,-0.0531191098976658,0.0531192609116173,-0.0531185509101434,0.0531185509101434
5.74,-0.0525905706574797,0.052590716913201,-0.0525905706574797,0.052590716913201,-0.052590029282842,0.052590029282842
5.75,-0.0520672903214296,0.0520674319688457,-0.0520672903214296,0.0520674319688457,-0.0520667660047202,0.0520667660047202
5.76,-0.0515492165672455,0.0515493537515573,-0.0515492165672455,0.0515493537515573,-0.0515487087709938,0.0515487087709938
5.77,-0.0510362975931244,0.0510364304549578,-0.0510362975931244,0.0510364304549578,-0.0510358057967946,0.0510358057967946
5.78,-0.0505284821125562,0.0505286107881063,-0.0505284821125562,0.0505286107881063,-0.0505280058120142,0.0505280058120142
5.79,-0.0500257193492016,0.0500258439703721,-0.0500257193492016,0.0500258439703721,-0.0500252580561976,0.0500252580561976
5.8,-0.0495279590318195,0.049528079726358,-0.0495279590318195,0.049528079726358,-0.0495275122734878,0.0495275122734878
5.81,-0.0490351513892457,0.0490352682808747,-0.0490351513892457,0.0490352682808747,-0.04903471870762,0.04903471870762
5.82,-0.0485472471454214,0.048547360353965,-0.0485472471454214,0.048547360353965,-0.048546828096965,0.048546828096965
5.83,-0.0480641975144704,0.0480643071559773,-0.0480641975144704,0.0480643071559773,-0.048063791669622,0.048063791669622
5.84,-0.0475859541958257,0.047586060382688,-0.0475859541958257,0.047586060382688,-0.0475855611385588,0.0475855611385588
5.85,-0.0471124693694043,0.0471125722104729,-0.0471124693694043,0.0471125722104729,-0.0471120886968008,0.0471120886968008
5.86,-0.0466436956908302,0.0466437952915261,-0.0466436956908302,0.0466437952915261,-0.0466433270126672,0.0466433270126672
5.87,-0.0461795862867039,0.0461796827491266,-0.0461795862867039,0.0461796827491266,-0.0461792292250542,0.0461792292250542
5.88,-0.0457200947499202,0.0457201881729521,-0.0457200947499202,0.0457201881729521,-0.0457197489387643,0.0457197489387643
5.89,-0.0452651751350314,0.0452652656144393,-0.0452651751350314,0.0452652656144393,-0.0452648402198826,0.0452648402198826
5.9,-0.0448147819536568,0.0448148695821901,-0.0448147819536568,0.0448148695821901,-0.0448144575911977,0.0448144575911977
5.91,-0.0443688701699383,0.0443689550374238,-0.0443688701699383,0.0443689550374238,-0.044368556027669,0.044368556027669
5.92,-0.0439273951960402,0.0439274773894745,-0.0439273951960402,0.0439274773894745,-0.0439270909519373,0.0439270909519373
5.93,-0.0434903128876946,0.0434903924913332,-0.0434903128876946,0.0434903924913332,-0.0434900182298813,0.0434900182298813
5.94,-0.0430575795397905,0.0430576566352341,-0.0430575795397905,0.0430576566352341,-0.0430572941662167,0.0430572941662167
5.95,-0.0426291518820066,0.0426292265482849,-0.0426291518820066,0.0426292265482849,-0.0426288755001395,0.0426288755001395
5.96,-0.0422049870744882,0.0422050593881405,-0.0422049870744882,0.0422050593881405,-0.0422047194010121,0.0422047194010121
5.97,-0.0417850427035658,0.04178511273872,-0.0417850427035658,0.04178511273872,-0.041784783464092,0.041784783464092
5.98,-0.0413692767775177,0.041369344605966,-0.0413692767775177,0.041369344605966,-0.0413690257063031,0.0413690257063031
5.99,-0.0409576477223735,0.0409577134136459,-0.0409576477223735,0.0409577134136459,-0.040957404562048,0.040957404562048
6,-0.0405501143777597,0.0405501779991956,-0.0405501143777597,0.0405501779991956,-0.0405498788790628,0.0405498788790628
